5,4,2,3,4,2,3,4,2,3,4,2,3,4,2,3,4,2,3,4,2,3,4,2,3,4,2,3,4,2,3,4,2,3,4,2,3,4,2,3,4,2,3,4,2,3,4,2,3,4,2,3,4,2,3,4,2,3,4,2,3,4,2,3,4,2,3,4,2,3,4,2,3,4,2,3,4,2,3,4,2,3,4,2,3,4,2,3,4,2,3
10,4,2,3,4,2,3,4,2,3,4,2,3,4,2,3,4,2,3,4,2,3,4,2,3,4,2,3,4,2,3,4,2,3,4,2,3,4,2,3,4,2,3,4,2,3,4,2,3,4,2,3,4,2,3,4,2,3,4,2,3,4,2,3,4,2,3,4,2,3,4,2,3,4,2,3,4,2,3,4,2,3,4,2,3,4,2,3,4,2,3
15,4,2,3,4,2,3,4,2,3,4,2,3,4,2,3,4,2,3,4,2,3,4,2,3,4,2,3,4,2,3,4,2,3,4,2,3,4,2,3,4,2,3,4,2,3,4,2,3,4,2,3,4,2,3,4,2,3,4,2,3,4,2,3,4,2,3,4,2,3,4,2,3,4,2,3,4,2,3,4,2,3,4,2,3,4,2,3,4,2,3
20,4,2,3,4,2,3,4,2,3,4,2,3,4,2,3,4,2,3,4,2,3,4,2,3,4,2,3,4,2,3,4,2,3,4,2,3,4,2,3,4,2,3,4,2,3,4,2,3,4,2,3,4,2,3,4,2,3,4,2,3,4,2,3,4,2,3,4,2,3,4,2,3,4,2,3,4,2,3,4,2,3,4,2,3,4,2,3,4,2,3
25,4,2,3,4,2,3,4,2,3,4,2,3,4,2,3,4,2,3,4,2,3,4,2,3,4,2,3,4,2,3,4,2,3,4,2,3,4,2,3,4,2,3,4,2,3,4,2,3,4,2,3,4,2,3,4,2,3,4,2,3,4,2,3,4,2,3,4,2,3,4,2,3,4,2,3,4,2,3,4,2,3,4,2,3,4,2,3,4,2,3
30,4,2,3,4,2,3,4,2,3,4,2,3,4,2,3,4,2,3,4,2,3,4,2,3,4,2,3,4,2,3,4,2,3,4,2,3,4,2,3,4,2,3,4,2,3,4,2,3,4,2,3,4,2,3,4,2,3,4,2,3,4,2,3,4,2,3,4,2,3,4,2,3,4,2,3,4,2,3,4,2,3,4,2,3,4,2,3,4,2,3
35,4,2,3,4,2,3,4,2,3,4,2,3,4,2,3,4,2,3,4,2,3,4,2,3,4,2,3,4,2,3,4,2,3,4,2,3,4,2,3,4,2,3,4,2,3,4,2,3,4,2,3,4,2,3,4,2,3,4,2,3,4,2,3,4,2,3,4,2,3,4,2,3,4,2,3,4,2,3,4,2,3,4,2,3,4,2,3,4,2,3
40,4,2,3,4,2,3,4,2,3,4,2,3,4,2,3,4,2,3,4,2,3,4,2,3,4,2,3,4,2,3,4,2,3,4,2,3,4,2,3,4,2,3,4,2,3,4,2,3,4,2,3,4,2,3,4,2,3,4,2,3,4,2,3,4,2,3,4,2,3,4,2,3,4,2,3,4,2,3,4,2,3,4,2,3,4,2,3,4,2,3
45,4,2,3,4,2,3,4,2,3,4,2,3,4,2,3,4,2,3,4,2,3,4,2,3,4,2,3,4,2,3,4,2,3,4,2,3,4,2,3,4,2,3,4,2,3,4,2,3,4,2,3,4,2,3,4,2,3,4,2,3,4,2,3,4,2,3,4,2,3,4,2,3,4,2,3,4,2,3,4,2,3,4,2,3,4,2,3,4,2,3
50,4,2,3,4,2,3,4,2,3,4,2,3,4,2,3,4,2,3,4,2,3,4,2,3,4,2,3,4,2,3,4,2,3,4,2,3,4,2,3,4,2,3,4,2,3,4,2,3,4,2,3,4,2,3,4,2,3,4,2,3,4,2,3,4,2,3,4,2,3,4,2,3,4,2,3,4,2,3,4,2,3,4,2,3,4,2,3,4,2,3
55,4,2,3,4,2,3,4,2,3,4,2,3,4,2,3,4,2,3,4,2,3,4,2,3,4,2,3,4,2,3,4,2,3,4,2,3,4,2,3,4,2,3,4,2,3,4,2,3,4,2,3,4,2,3,4,2,3,4,2,3,4,2,3,4,2,3,4,2,3,4,2,3,4,2,3,4,2,3,4,2,3,4,2,3,4,2,3,4,2,3
60,4,2,3,4,2,3,4,2,3,4,2,3,4,2,3,4,2,3,4,2,3,4,2,3,4,2,3,4,2,3,4,2,3,4,2,3,4,2,3,4,2,3,4,2,3,4,2,3,4,2,3,4,2,3,4,2,3,4,2,3,4,2,3,4,2,3,4,2,3,4,2,3,4,2,3,4,2,3,4,2,3,4,2,3,4,2,3,4,2,3
65,4,2,3,4,2,3,4,2,3,4,2,3,4,2,3,4,2,3,4,2,3,4,2,3,4,2,3,4,2,3,4,2,3,4,2,3,4,2,3,4,2,3,4,2,3,4,2,3,4,2,3,4,2,3,4,2,3,4,2,3,4,2,3,4,2,3,4,2,3,4,2,3,4,2,3,4,2,3,4,2,3,4,2,3,4,2,3,4,2,3
70,4,2,3,4,2,3,4,2,3,4,2,3,4,2,3,4,2,3,4,2,3,4,2,3,4,2,3,4,2,3,4,2,3,4,2,3,4,2,3,4,2,3,4,2,3,4,2,3,4,2,3,4,2,3,4,2,3,4,2,3,4,2,3,4,2,3,4,2,3,4,2,3,4,2,3,4,2,3,4,2,3,4,2,3,4,2,3,4,2,3
75,4,2,3,4,2,3,4,2,3,4,2,3,4,2,3,4,2,3,4,2,3,4,2,3,4,2,3,4,2,3,4,2,3,4,2,3,4,2,3,4,2,3,4,2,3,4,2,3,4,2,3,4,2,3,4,2,3,4,2,3,4,2,3,4,2,3,4,2,3,4,2,3,4,2,3,4,2,3,4,2,3,4,2,3,4,2,3,4,2,3
80,4,2,3,4,2,3,4,2,3,4,2,3,4,2,3,4,2,3,4,2,3,4,2,3,4,2,3,4,2,3,4,2,3,4,2,3,4,2,3,4,2,3,4,2,3,4,2,3,4,2,3,4,2,3,4,2,3,4,2,3,4,2,3,4,2,3,4,2,3,4,2,3,4,2,3,4,2,3,4,2,3,4,2,3,4,2,3,4,2,3
85,4,2,3,4,2,3,4,2,3,4,2,3,4,2,3,4,2,3,4,2,3,4,2,3,4,2,3,4,2,3,4,2,3,4,2,3,4,2,3,4,2,3,4,2,3,4,2,3,4,2,3,4,2,3,4,2,3,4,2,3,4,2,3,4,2,3,4,2,3,4,2,3,4,2,3,4,2,3,4,2,3,4,2,3,4,2,3,4,2,3
90,4,2,3,4,2,3,4,2,3,4,2,3,4,2,3,4,2,3,4,2,3,4,2,3,4,2,3,4,2,3,4,2,3,4,2,3,4,2,3,4,2,3,4,2,3,4,2,3,4,2,3,4,2,3,4,2,3,4,2,3,4,2,3,4,2,3,4,2,3,4,2,3,4,2,3,4,2,3,4,2,3,4,2,3,4,2,3,4,2,3
95,4,2,3,4,2,3,4,2,3,4,2,3,4,2,3,4,2,3,4,2,3,4,2,3,4,2,3,4,2,3,4,2,3,4,2,3,4,2,3,4,2,3,4,2,3,4,2,3,4,2,3,4,2,3,4,2,3,4,2,3,4,2,3,4,2,3,4,2,3,4,2,3,4,2,3,4,2,3,4,2,3,4,2,3,4,2,3,4,2,3
100,4,2,3,4,2,3,4,2,3,4,2,3,4,2,3,4,2,3,4,2,3,4,2,3,4,2,3,4,2,3,4,2,3,4,2,3,4,2,3,4,2,3,4,2,3,4,2,3,4,2,3,4,2,3,4,2,3,4,2,3,4,2,3,4,2,3,4,2,3,4,2,3,4,2,3,4,2,3,4,2,3,4,2,3,4,2,3,4,2,3
105,4,2,3,4,2,3,4,2,3,4,2,3,4,2,3,4,2,3,4,2,3,4,2,3,4,2,3,4,2,3,4,2,3,4,2,3,4,2,3,4,2,3,4,2,3,4,2,3,4,2,3,4,2,3,4,2,3,4,2,3,4,2,3,4,2,3,4,2,3,4,2,3,4,2,3,4,2,3,4,2,3,4,2,3,4,2,3,4,2,3
110,4,2,3,4,2,3,4,2,3,4,2,3,4,2,3,4,2,3,4,2,3,4,2,3,4,2,3,4,2,3,4,2,3,4,2,3,4,2,3,4,2,3,4,2,3,4,2,3,4,2,3,4,2,3,4,2,3,4,2,3,4,2,3,4,2,3,4,2,3,4,2,3,4,2,3,4,2,3,4,2,3,4,2,3,4,2,3,4,2,3
115,4,2,3,4,2,3,4,2,3,4,2,3,4,2,3,4,2,3,4,2,3,4,2,3,4,2,3,4,2,3,4,2,3,4,2,3,4,2,3,4,2,3,4,2,3,4,2,3,4,2,3,4,2,3,4,2,3,4,2,3,4,2,3,4,2,3,4,2,3,4,2,3,4,2,3,4,2,3,4,2,3,4,2,3,4,2,3,4,2,3
120,4,2,3,4,2,3,4,2,3,4,2,3,4,2,3,4,2,3,4,2,3,4,2,3,4,2,3,4,2,3,4,2,3,4,2,3,4,2,3,4,2,3,4,2,3,4,2,3,4,2,3,4,2,3,4,2,3,4,2,3,4,2,3,4,2,3,4,2,3,4,2,3,4,2,3,4,2,3,4,2,3,4,2,3,4,2,3,4,2,3
125,4,2,3,4,2,3,4,2,3,4,2,3,4,2,3,4,2,3,4,2,3,4,2,3,4,2,3,4,2,3,4,2,3,4,2,3,4,2,3,4,2,3,4,2,3,4,2,3,4,2,3,4,2,3,4,2,3,4,2,3,4,2,3,4,2,3,4,2,3,4,2,3,4,2,3,4,2,3,4,2,3,4,2,3,4,2,3,4,2,3
130,4,2,3,4,2,3,4,2,3,4,2,3,4,2,3,4,2,3,4,2,3,4,2,3,4,2,3,4,2,3,4,2,3,4,2,3,4,2,3,4,2,3,4,2,3,4,2,3,4,2,3,4,2,3,4,2,3,4,2,3,4,2,3,4,2,3,4,2,3,4,2,3,4,2,3,4,2,3,4,2,3,4,2,3,4,2,3,4,2,3
135,4,2,3,4,2,3,4,2,3,4,2,3,4,2,3,4,2,3,4,2,3,4,2,3,4,2,3,4,2,3,4,2,3,4,2,3,4,2,3,4,2,3,4,2,3,4,2,3,4,2,3,4,2,3,4,2,3,4,2,3,4,2,3,4,2,3,4,2,3,4,2,3,4,2,3,4,2,3,4,2,3,4,2,3,4,2,3,4,2,3
140,4,2,3,4,2,3,4,2,3,4,2,3,4,2,3,4,2,3,4,2,3,4,2,3,4,2,3,4,2,3,4,2,3,4,2,3,4,2,3,4,2,3,4,2,3,4,2,3,4,2,3,4,2,3,4,2,3,4,2,3,4,2,3,4,2,3,4,2,3,4,2,3,4,2,3,4,2,3,4,2,3,4,2,3,4,2,3,4,2,3
145,4,2,3,4,2,3,4,2,3,4,2,3,4,2,3,4,2,3,4,2,3,4,2,3,4,2,3,4,2,3,4,2,3,4,2,3,4,2,3,4,2,3,4,2,3,4,2,3,4,2,3,4,2,3,4,2,3,4,2,3,4,2,3,4,2,3,4,2,3,4,2,3,4,2,3,4,2,3,4,2,3,4,2,3,4,2,3,4,2,3
150,4,2,3,4,2,3,4,2,3,4,2,3,4,2,3,4,2,3,4,2,3,4,2,3,4,2,3,4,2,3,4,2,3,4,2,3,4,2,3,4,2,3,4,2,3,4,2,3,4,2,3,4,2,3,4,2,3,4,2,3,4,2,3,4,2,3,4,2,3,4,2,3,4,2,3,4,2,3,4,2,3,4,2,3,4,2,3,4,2,3
155,4,2,3,4,2,3,4,2,3,4,2,3,4,2,3,4,2,3,4,2,3,4,2,3,4,2,3,4,2,3,4,2,3,4,2,3,4,2,3,4,2,3,4,2,3,4,2,3,4,2,3,4,2,3,4,2,3,4,2,3,4,2,3,4,2,3,4,2,3,4,2,3,4,2,3,4,2,3,4,2,3,4,2,3,4,2,3,4,2,3
160,4,2,3,4,2,3,4,2,3,4,2,3,4,2,3,4,2,3,4,2,3,4,2,3,4,2,3,4,2,3,4,2,3,4,2,3,4,2,3,4,2,3,4,2,3,4,2,3,4,2,3,4,2,3,4,2,3,4,2,3,4,2,3,4,2,3,4,2,3,4,2,3,4,2,3,4,2,3,4,2,3,4,2,3,4,2,3,4,2,3
165,4,2,3,4,2,3,4,2,3,4,2,3,4,2,3,4,2,3,4,2,3,4,2,3,4,2,3,4,2,3,4,2,3,4,2,3,4,2,3,4,2,3,4,2,3,4,2,3,4,2,3,4,2,3,4,2,3,4,2,3,4,2,3,4,2,3,4,2,3,4,2,3,4,2,3,4,2,3,4,2,3,4,2,3,4,2,3,4,2,3
170,4,2,3,4,2,3,4,2,3,4,2,3,4,2,3,4,2,3,4,2,3,4,2,3,4,2,3,4,2,3,4,2,3,4,2,3,4,2,3,4,2,3,4,2,3,4,2,3,4,2,3,4,2,3,4,2,3,4,2,3,4,2,3,4,2,3,4,2,3,4,2,3,4,2,3,4,2,3,4,2,3,4,2,3,4,2,3,4,2,3
175,4,2,3,4,2,3,4,2,3,4,2,3,4,2,3,4,2,3,4,2,3,4,2,3,4,2,3,4,2,3,4,2,3,4,2,3,4,2,3,4,2,3,4,2,3,4,2,3,4,2,3,4,2,3,4,2,3,4,2,3,4,2,3,4,2,3,4,2,3,4,2,3,4,2,3,4,2,3,4,2,3,4,2,3,4,2,3,4,2,3
180,4,2,3,4,2,3,4,2,3,4,2,3,4,2,3,4,2,3,4,2,3,4,2,3,4,2,3,4,2,3,4,2,3,4,2,3,4,2,3,4,2,3,4,2,3,4,2,3,4,2,3,4,2,3,4,2,3,4,2,3,4,2,3,4,2,3,4,2,3,4,2,3,4,2,3,4,2,3,4,2,3,4,2,3,4,2,3,4,2,3
185,4,2,3,4,2,3,4,2,3,4,2,3,4,2,3,4,2,3,4,2,3,4,2,3,4,2,3,4,2,3,4,2,3,4,2,3,4,2,3,4,2,3,4,2,3,4,2,3,4,2,3,4,2,3,4,2,3,4,2,3,4,2,3,4,2,3,4,2,3,4,2,3,4,2,3,4,2,3,4,2,3,4,2,3,4,2,3,4,2,3
190,4,2,3,4,2,3,4,2,3,4,2,3,4,2,3,4,2,3,4,2,3,4,2,3,4,2,3,4,2,3,4,2,3,4,2,3,4,2,3,4,2,3,4,2,3,4,2,3,4,2,3,4,2,3,4,2,3,4,2,3,4,2,3,4,2,3,4,2,3,4,2,3,4,2,3,4,2,3,4,2,3,4,2,3,4,2,3,4,2,3
195,4,2,3,4,2,3,4,2,3,4,2,3,4,2,3,4,2,3,4,2,3,4,2,3,4,2,3,4,2,3,4,2,3,4,2,3,4,2,3,4,2,3,4,2,3,4,2,3,4,2,3,4,2,3,4,2,3,4,2,3,4,2,3,4,2,3,4,2,3,4,2,3,4,2,3,4,2,3,4,2,3,4,2,3,4,2,3,4,2,3
200,4,2,3,4,2,3,4,2,3,4,2,3,4,2,3,4,2,3,4,2,3,4,2,3,4,2,3,4,2,3,4,2,3,4,2,3,4,2,3,4,2,3,4,2,3,4,2,3,4,2,3,4,2,3,4,2,3,4,2,3,4,2,3,4,2,3,4,2,3,4,2,3,4,2,3,4,2,3,4,2,3,4,2,3,4,2,3,4,2,3
205,4,2,3,4,2,3,4,2,3,4,2,3,4,2,3,4,2,3,4,2,3,4,2,3,4,2,3,4,2,3,4,2,3,4,2,3,4,2,3,4,2,3,4,2,3,4,2,3,4,2,3,4,2,3,4,2,3,4,2,3,4,2,3,4,2,3,4,2,3,4,2,3,4,2,3,4,2,3,4,2,3,4,2,3,4,2,3,4,2,3
210,4,2,3,4,2,3,4,2,3,4,2,3,4,2,3,4,2,3,4,2,3,4,2,3,4,2,3,4,2,3,4,2,3,4,2,3,4,2,3,4,2,3,4,2,3,4,2,3,4,2,3,4,2,3,4,2,3,4,2,3,4,2,3,4,2,3,4,2,3,4,2,3,4,2,3,4,2,3,4,2,3,4,2,3,4,2,3,4,2,3
215,4,2,3,4,2,3,4,2,3,4,2,3,4,2,3,4,2,3,4,2,3,4,2,3,4,2,3,4,2,3,4,2,3,4,2,3,4,2,3,4,2,3,4,2,3,4,2,3,4,2,3,4,2,3,4,2,3,4,2,3,4,2,3,4,2,3,4,2,3,4,2,3,4,2,3,4,2,3,4,2,3,4,2,3,4,2,3,4,2,3
220,4,2,3,4,2,3,4,2,3,4,2,3,4,2,3,4,2,3,4,2,3,4,2,3,4,2,3,4,2,3,4,2,3,4,2,3,4,2,3,4,2,3,4,2,3,4,2,3,4,2,3,4,2,3,4,2,3,4,2,3,4,2,3,4,2,3,4,2,3,4,2,3,4,2,3,4,2,3,4,2,3,4,2,3,4,2,3,4,2,3
225,4,2,3,4,2,3,4,2,3,4,2,3,4,2,3,4,2,3,4,2,3,4,2,3,4,2,3,4,2,3,4,2,3,4,2,3,4,2,3,4,2,3,4,2,3,4,2,3,4,2,3,4,2,3,4,2,3,4,2,3,4,2,3,4,2,3,4,2,3,4,2,3,4,2,3,4,2,3,4,2,3,4,2,3,4,2,3,4,2,3
230,4,2,3,4,2,3,4,2,3,4,2,3,4,2,3,4,2,3,4,2,3,4,2,3,4,2,3,4,2,3,4,2,3,4,2,3,4,2,3,4,2,3,4,2,3,4,2,3,4,2,3,4,2,3,4,2,3,4,2,3,4,2,3,4,2,3,4,2,3,4,2,3,4,2,3,4,2,3,4,2,3,4,2,3,4,2,3,4,2,3
235,4,2,3,4,2,3,4,2,3,4,2,3,4,2,3,4,2,3,4,2,3,4,2,3,4,2,3,4,2,3,4,2,3,4,2,3,4,2,3,4,2,3,4,2,3,4,2,3,4,2,3,4,2,3,4,2,3,4,2,3,4,2,3,4,2,3,4,2,3,4,2,3,4,2,3,4,2,3,4,2,3,4,2,3,4,2,3,4,2,3
240,4,2,3,4,2,3,4,2,3,4,2,3,4,2,3,4,2,3,4,2,3,4,2,3,4,2,3,4,2,3,4,2,3,4,2,3,4,2,3,4,2,3,4,2,3,4,2,3,4,2,3,4,2,3,4,2,3,4,2,3,4,2,3,4,2,3,4,2,3,4,2,3,4,2,3,4,2,3,4,2,3,4,2,3,4,2,3,4,2,3
245,4,2,3,4,2,3,4,2,3,4,2,3,4,2,3,4,2,3,4,2,3,4,2,3,4,2,3,4,2,3,4,2,3,4,2,3,4,2,3,4,2,3,4,2,3,4,2,3,4,2,3,4,2,3,4,2,3,4,2,3,4,2,3,4,2,3,4,2,3,4,2,3,4,2,3,4,2,3,4,2,3,4,2,3,4,2,3,4,2,3
250,4,2,3,4,2,3,4,2,3,4,2,3,4,2,3,4,2,3,4,2,3,4,2,3,4,2,3,4,2,3,4,2,3,4,2,3,4,2,3,4,2,3,4,2,3,4,2,3,4,2,3,4,2,3,4,2,3,4,2,3,4,2,3,4,2,3,4,2,3,4,2,3,4,2,3,4,2,3,4,2,3,4,2,3,4,2,3,4,2,3
255,4,2,3,4,2,3,4,2,3,4,2,3,4,2,3,4,2,3,4,2,3,4,2,3,4,2,3,4,2,3,4,2,3,4,2,3,4,2,3,4,2,3,4,2,3,4,2,3,4,2,3,4,2,3,4,2,3,4,2,3,4,2,3,4,2,3,4,2,3,4,2,3,4,2,3,4,2,3,4,2,3,4,2,3,4,2,3,4,2,3
260,4,2,3,4,2,3,4,2,3,4,2,3,4,2,3,4,2,3,4,2,3,4,2,3,4,2,3,4,2,3,4,2,3,4,2,3,4,2,3,4,2,3,4,2,3,4,2,3,4,2,3,4,2,3,4,2,3,4,2,3,4,2,3,4,2,3,4,2,3,4,2,3,4,2,3,4,2,3,4,2,3,4,2,3,4,2,3,4,2,3
265,4,2,3,4,2,3,4,2,3,4,2,3,4,2,3,4,2,3,4,2,3,4,2,3,4,2,3,4,2,3,4,2,3,4,2,3,4,2,3,4,2,3,4,2,3,4,2,3,4,2,3,4,2,3,4,2,3,4,2,3,4,2,3,4,2,3,4,2,3,4,2,3,4,2,3,4,2,3,4,2,3,4,2,3,4,2,3,4,2,3
270,4,2,3,4,2,3,4,2,3,4,2,3,4,2,3,4,2,3,4,2,3,4,2,3,4,2,3,4,2,3,4,2,3,4,2,3,4,2,3,4,2,3,4,2,3,4,2,3,4,2,3,4,2,3,4,2,3,4,2,3,4,2,3,4,2,3,4,2,3,4,2,3,4,2,3,4,2,3,4,2,3,4,2,3,4,2,3,4,2,3
275,4,2,3,4,2,3,4,2,3,4,2,3,4,2,3,4,2,3,4,2,3,4,2,3,4,2,3,4,2,3,4,2,3,4,2,3,4,2,3,4,2,3,4,2,3,4,2,3,4,2,3,4,2,3,4,2,3,4,2,3,4,2,3,4,2,3,4,2,3,4,2,3,4,2,3,4,2,3,4,2,3,4,2,3,4,2,3,4,2,3
280,4,2,3,4,2,3,4,2,3,4,2,3,4,2,3,4,2,3,4,2,3,4,2,3,4,2,3,4,2,3,4,2,3,4,2,3,4,2,3,4,2,3,4,2,3,4,2,3,4,2,3,4,2,3,4,2,3,4,2,3,4,2,3,4,2,3,4,2,3,4,2,3,4,2,3,4,2,3,4,2,3,4,2,3,4,2,3,4,2,3
285,4,2,3,4,2,3,4,2,3,4,2,3,4,2,3,4,2,3,4,2,3,4,2,3,4,2,3,4,2,3,4,2,3,4,2,3,4,2,3,4,2,3,4,2,3,4,2,3,4,2,3,4,2,3,4,2,3,4,2,3,4,2,3,4,2,3,4,2,3,4,2,3,4,2,3,4,2,3,4,2,3,4,2,3,4,2,3,4,2,3
290,4,2,3,4,2,3,4,2,3,4,2,3,4,2,3,4,2,3,4,2,3,4,2,3,4,2,3,4,2,3,4,2,3,4,2,3,4,2,3,4,2,3,4,2,3,4,2,3,4,2,3,4,2,3,4,2,3,4,2,3,4,2,3,4,2,3,4,2,3,4,2,3,4,2,3,4,2,3,4,2,3,4,2,3,4,2,3,4,2,3
295,4,2,3,4,2,3,4,2,3,4,2,3,4,2,3,4,2,3,4,2,3,4,2,3,4,2,3,4,2,3,4,2,3,4,2,3,4,2,3,4,2,3,4,2,3,4,2,3,4,2,3,4,2,3,4,2,3,4,2,3,4,2,3,4,2,3,4,2,3,4,2,3,4,2,3,4,2,3,4,2,3,4,2,3,4,2,3,4,2,3
300,4,2,3,4,2,3,4,2,3,4,2,3,4,2,3,4,2,3,4,2,3,4,2,3,4,2,3,4,2,3,4,2,3,4,2,3,4,2,3,4,2,3,4,2,3,4,2,3,4,2,3,4,2,3,4,2,3,4,2,3,4,2,3,4,2,3,4,2,3,4,2,3,4,2,3,4,2,3,4,2,3,4,2,3,4,2,3,4,2,3
305,4,2,3,4,2,3,4,2,3,4,2,3,4,2,3,4,2,3,4,2,3,4,2,3,4,2,3,4,2,3,4,2,3,4,2,3,4,2,3,4,2,3,4,2,3,4,2,3,4,2,3,4,2,3,4,2,3,4,2,3,4,2,3,4,2,3,4,2,3,4,2,3,4,2,3,4,2,3,4,2,3,4,2,3,4,2,3,4,2,3
310,4,2,3,4,2,3,4,2,3,4,2,3,4,2,3,4,2,3,4,2,3,4,2,3,4,2,3,4,2,3,4,2,3,4,2,3,4,2,3,4,2,3,4,2,3,4,2,3,4,2,3,4,2,3,4,2,3,4,2,3,4,2,3,4,2,3,4,2,3,4,2,3,4,2,3,4,2,3,4,2,3,4,2,3,4,2,3,4,2,3
315,4,2,3,4,2,3,4,2,3,4,2,3,4,2,3,4,2,3,4,2,3,4,2,3,4,2,3,4,2,3,4,2,3,4,2,3,4,2,3,4,2,3,4,2,3,4,2,3,4,2,3,4,2,3,4,2,3,4,2,3,4,2,3,4,2,3,4,2,3,4,2,3,4,2,3,4,2,3,4,2,3,4,2,3,4,2,3,4,2,3
320,4,2,3,4,2,3,4,2,3,4,2,3,4,2,3,4,2,3,4,2,3,4,2,3,4,2,3,4,2,3,4,2,3,4,2,3,4,2,3,4,2,3,4,2,3,4,2,3,4,2,3,4,2,3,4,2,3,4,2,3,4,2,3,4,2,3,4,2,3,4,2,3,4,2,3,4,2,3,4,2,3,4,2,3,4,2,3,4,2,3
325,4,2,3,4,2,3,4,2,3,4,2,3,4,2,3,4,2,3,4,2,3,4,2,3,4,2,3,4,2,3,4,2,3,4,2,3,4,2,3,4,2,3,4,2,3,4,2,3,4,2,3,4,2,3,4,2,3,4,2,3,4,2,3,4,2,3,4,2,3,4,2,3,4,2,3,4,2,3,4,2,3,4,2,3,4,2,3,4,2,3
330,4,2,3,4,2,3,4,2,3,4,2,3,4,2,3,4,2,3,4,2,3,4,2,3,4,2,3,4,2,3,4,2,3,4,2,3,4,2,3,4,2,3,4,2,3,4,2,3,4,2,3,4,2,3,4,2,3,4,2,3,4,2,3,4,2,3,4,2,3,4,2,3,4,2,3,4,2,3,4,2,3,4,2,3,4,2,3,4,2,3
335,4,2,3,4,2,3,4,2,3,4,2,3,4,2,3,4,2,3,4,2,3,4,2,3,4,2,3,4,2,3,4,2,3,4,2,3,4,2,3,4,2,3,4,2,3,4,2,3,4,2,3,4,2,3,4,2,3,4,2,3,4,2,3,4,2,3,4,2,3,4,2,3,4,2,3,4,2,3,4,2,3,4,2,3,4,2,3,4,2,3
340,4,2,3,4,2,3,4,2,3,4,2,3,4,2,3,4,2,3,4,2,3,4,2,3,4,2,3,4,2,3,4,2,3,4,2,3,4,2,3,4,2,3,4,2,3,4,2,3,4,2,3,4,2,3,4,2,3,4,2,3,4,2,3,4,2,3,4,2,3,4,2,3,4,2,3,4,2,3,4,2,3,4,2,3,4,2,3,4,2,3
345,4,2,3,4,2,3,4,2,3,4,2,3,4,2,3,4,2,3,4,2,3,4,2,3,4,2,3,4,2,3,4,2,3,4,2,3,4,2,3,4,2,3,4,2,3,4,2,3,4,2,3,4,2,3,4,2,3,4,2,3,4,2,3,4,2,3,4,2,3,4,2,3,4,2,3,4,2,3,4,2,3,4,2,3,4,2,3,4,2,3
350,4,2,3,4,2,3,4,2,3,4,2,3,4,2,3,4,2,3,4,2,3,4,2,3,4,2,3,4,2,3,4,2,3,4,2,3,4,2,3,4,2,3,4,2,3,4,2,3,4,2,3,4,2,3,4,2,3,4,2,3,4,2,3,4,2,3,4,2,3,4,2,3,4,2,3,4,2,3,4,2,3,4,2,3,4,2,3,4,2,3
355,4,2,3,4,2,3,4,2,3,4,2,3,4,2,3,4,2,3,4,2,3,4,2,3,4,2,3,4,2,3,4,2,3,4,2,3,4,2,3,4,2,3,4,2,3,4,2,3,4,2,3,4,2,3,4,2,3,4,2,3,4,2,3,4,2,3,4,2,3,4,2,3,4,2,3,4,2,3,4,2,3,4,2,3,4,2,3,4,2,3
360,4,2,3,4,2,3,4,2,3,4,2,3,4,2,3,4,2,3,4,2,3,4,2,3,4,2,3,4,2,3,4,2,3,4,2,3,4,2,3,4,2,3,4,2,3,4,2,3,4,2,3,4,2,3,4,2,3,4,2,3,4,2,3,4,2,3,4,2,3,4,2,3,4,2,3,4,2,3,4,2,3,4,2,3,4,2,3,4,2,3
365,4,2,3,4,2,3,4,2,3,4,2,3,4,2,3,4,2,3,4,2,3,4,2,3,4,2,3,4,2,3,4,2,3,4,2,3,4,2,3,4,2,3,4,2,3,4,2,3,4,2,3,4,2,3,4,2,3,4,2,3,4,2,3,4,2,3,4,2,3,4,2,3,4,2,3,4,2,3,4,2,3,4,2,3,4,2,3,4,2,3
370,4,2,3,4,2,3,4,2,3,4,2,3,4,2,3,4,2,3,4,2,3,4,2,3,4,2,3,4,2,3,4,2,3,4,2,3,4,2,3,4,2,3,4,2,3,4,2,3,4,2,3,4,2,3,4,2,3,4,2,3,4,2,3,4,2,3,4,2,3,4,2,3,4,2,3,4,2,3,4,2,3,4,2,3,4,2,3,4,2,3
375,4,2,3,4,2,3,4,2,3,4,2,3,4,2,3,4,2,3,4,2,3,4,2,3,4,2,3,4,2,3,4,2,3,4,2,3,4,2,3,4,2,3,4,2,3,4,2,3,4,2,3,4,2,3,4,2,3,4,2,3,4,2,3,4,2,3,4,2,3,4,2,3,4,2,3,4,2,3,4,2,3,4,2,3,4,2,3,4,2,3
380,4,2,3,4,2,3,4,2,3,4,2,3,4,2,3,4,2,3,4,2,3,4,2,3,4,2,3,4,2,3,4,2,3,4,2,3,4,2,3,4,2,3,4,2,3,4,2,3,4,2,3,4,2,3,4,2,3,4,2,3,4,2,3,4,2,3,4,2,3,4,2,3,4,2,3,4,2,3,4,2,3,4,2,3,4,2,3,4,2,3
385,4,2,3,4,2,3,4,2,3,4,2,3,4,2,3,4,2,3,4,2,3,4,2,3,4,2,3,4,2,3,4,2,3,4,2,3,4,2,3,4,2,3,4,2,3,4,2,3,4,2,3,4,2,3,4,2,3,4,2,3,4,2,3,4,2,3,4,2,3,4,2,3,4,2,3,4,2,3,4,2,3,4,2,3,4,2,3,4,2,3
390,4,2,3,4,2,3,4,2,3,4,2,3,4,2,3,4,2,3,4,2,3,4,2,3,4,2,3,4,2,3,4,2,3,4,2,3,4,2,3,4,2,3,4,2,3,4,2,3,4,2,3,4,2,3,4,2,3,4,2,3,4,2,3,4,2,3,4,2,3,4,2,3,4,2,3,4,2,3,4,2,3,4,2,3,4,2,3,4,2,3
395,4,2,3,4,2,3,4,2,3,4,2,3,4,2,3,4,2,3,4,2,3,4,2,3,4,2,3,4,2,3,4,2,3,4,2,3,4,2,3,4,2,3,4,2,3,4,2,3,4,2,3,4,2,3,4,2,3,4,2,3,4,2,3,4,2,3,4,2,3,4,2,3,4,2,3,4,2,3,4,2,3,4,2,3,4,2,3,4,2,3
400,4,2,3,4,2,3,4,2,3,4,2,3,4,2,3,4,2,3,4,2,3,4,2,3,4,2,3,4,2,3,4,2,3,4,2,3,4,2,3,4,2,3,4,2,3,4,2,3,4,2,3,4,2,3,4,2,3,4,2,3,4,2,3,4,2,3,4,2,3,4,2,3,4,2,3,4,2,3,4,2,3,4,2,3,4,2,3,4,2,3
405,4,2,3,4,2,3,4,2,3,4,2,3,4,2,3,4,2,3,4,2,3,4,2,3,4,2,3,4,2,3,4,2,3,4,2,3,4,2,3,4,2,3,4,2,3,4,2,3,4,2,3,4,2,3,4,2,3,4,2,3,4,2,3,4,2,3,4,2,3,4,2,3,4,2,3,4,2,3,4,2,3,4,2,3,4,2,3,4,2,3
410,4,2,3,4,2,3,4,2,3,4,2,3,4,2,3,4,2,3,4,2,3,4,2,3,4,2,3,4,2,3,4,2,3,4,2,3,4,2,3,4,2,3,4,2,3,4,2,3,4,2,3,4,2,3,4,2,3,4,2,3,4,2,3,4,2,3,4,2,3,4,2,3,4,2,3,4,2,3,4,2,3,4,2,3,4,2,3,4,2,3
415,4,2,3,4,2,3,4,2,3,4,2,3,4,2,3,4,2,3,4,2,3,4,2,3,4,2,3,4,2,3,4,2,3,4,2,3,4,2,3,4,2,3,4,2,3,4,2,3,4,2,3,4,2,3,4,2,3,4,2,3,4,2,3,4,2,3,4,2,3,4,2,3,4,2,3,4,2,3,4,2,3,4,2,3,4,2,3,4,2,3
420,4,2,3,4,2,3,4,2,3,4,2,3,4,2,3,4,2,3,4,2,3,4,2,3,4,2,3,4,2,3,4,2,3,4,2,3,4,2,3,4,2,3,4,2,3,4,2,3,4,2,3,4,2,3,4,2,3,4,2,3,4,2,3,4,2,3,4,2,3,4,2,3,4,2,3,4,2,3,4,2,3,4,2,3,4,2,3,4,2,3
425,4,2,3,4,2,3,4,2,3,4,2,3,4,2,3,4,2,3,4,2,3,4,2,3,4,2,3,4,2,3,4,2,3,4,2,3,4,2,3,4,2,3,4,2,3,4,2,3,4,2,3,4,2,3,4,2,3,4,2,3,4,2,3,4,2,3,4,2,3,4,2,3,4,2,3,4,2,3,4,2,3,4,2,3,4,2,3,4,2,3
430,4,2,3,4,2,3,4,2,3,4,2,3,4,2,3,4,2,3,4,2,3,4,2,3,4,2,3,4,2,3,4,2,3,4,2,3,4,2,3,4,2,3,4,2,3,4,2,3,4,2,3,4,2,3,4,2,3,4,2,3,4,2,3,4,2,3,4,2,3,4,2,3,4,2,3,4,2,3,4,2,3,4,2,3,4,2,3,4,2,3
435,4,2,3,4,2,3,4,2,3,4,2,3,4,2,3,4,2,3,4,2,3,4,2,3,4,2,3,4,2,3,4,2,3,4,2,3,4,2,3,4,2,3,4,2,3,4,2,3,4,2,3,4,2,3,4,2,3,4,2,3,4,2,3,4,2,3,4,2,3,4,2,3,4,2,3,4,2,3,4,2,3,4,2,3,4,2,3,4,2,3
440,4,2,3,4,2,3,4,2,3,4,2,3,4,2,3,4,2,3,4,2,3,4,2,3,4,2,3,4,2,3,4,2,3,4,2,3,4,2,3,4,2,3,4,2,3,4,2,3,4,2,3,4,2,3,4,2,3,4,2,3,4,2,3,4,2,3,4,2,3,4,2,3,4,2,3,4,2,3,4,2,3,4,2,3,4,2,3,4,2,3
445,4,2,3,4,2,3,4,2,3,4,2,3,4,2,3,4,2,3,4,2,3,4,2,3,4,2,3,4,2,3,4,2,3,4,2,3,4,2,3,4,2,3,4,2,3,4,2,3,4,2,3,4,2,3,4,2,3,4,2,3,4,2,3,4,2,3,4,2,3,4,2,3,4,2,3,4,2,3,4,2,3,4,2,3,4,2,3,4,2,3
450,4,2,3,4,2,3,4,2,3,4,2,3,4,2,3,4,2,3,4,2,3,4,2,3,4,2,3,4,2,3,4,2,3,4,2,3,4,2,3,4,2,3,4,2,3,4,2,3,4,2,3,4,2,3,4,2,3,4,2,3,4,2,3,4,2,3,4,2,3,4,2,3,4,2,3,4,2,3,4,2,3,4,2,3,4,2,3,4,2,3
455,4,2,3,4,2,3,4,2,3,4,2,3,4,2,3,4,2,3,4,2,3,4,2,3,4,2,3,4,2,3,4,2,3,4,2,3,4,2,3,4,2,3,4,2,3,4,2,3,4,2,3,4,2,3,4,2,3,4,2,3,4,2,3,4,2,3,4,2,3,4,2,3,4,2,3,4,2,3,4,2,3,4,2,3,4,2,3,4,2,3
460,4,2,3,4,2,3,4,2,3,4,2,3,4,2,3,4,2,3,4,2,3,4,2,3,4,2,3,4,2,3,4,2,3,4,2,3,4,2,3,4,2,3,4,2,3,4,2,3,4,2,3,4,2,3,4,2,3,4,2,3,4,2,3,4,2,3,4,2,3,4,2,3,4,2,3,4,2,3,4,2,3,4,2,3,4,2,3,4,2,3
465,4,2,3,4,2,3,4,2,3,4,2,3,4,2,3,4,2,3,4,2,3,4,2,3,4,2,3,4,2,3,4,2,3,4,2,3,4,2,3,4,2,3,4,2,3,4,2,3,4,2,3,4,2,3,4,2,3,4,2,3,4,2,3,4,2,3,4,2,3,4,2,3,4,2,3,4,2,3,4,2,3,4,2,3,4,2,3,4,2,3
470,4,2,3,4,2,3,4,2,3,4,2,3,4,2,3,4,2,3,4,2,3,4,2,3,4,2,3,4,2,3,4,2,3,4,2,3,4,2,3,4,2,3,4,2,3,4,2,3,4,2,3,4,2,3,4,2,3,4,2,3,4,2,3,4,2,3,4,2,3,4,2,3,4,2,3,4,2,3,4,2,3,4,2,3,4,2,3,4,2,3
475,4,2,3,4,2,3,4,2,3,4,2,3,4,2,3,4,2,3,4,2,3,4,2,3,4,2,3,4,2,3,4,2,3,4,2,3,4,2,3,4,2,3,4,2,3,4,2,3,4,2,3,4,2,3,4,2,3,4,2,3,4,2,3,4,2,3,4,2,3,4,2,3,4,2,3,4,2,3,4,2,3,4,2,3,4,2,3,4,2,3
480,4,2,3,4,2,3,4,2,3,4,2,3,4,2,3,4,2,3,4,2,3,4,2,3,4,2,3,4,2,3,4,2,3,4,2,3,4,2,3,4,2,3,4,2,3,4,2,3,4,2,3,4,2,3,4,2,3,4,2,3,4,2,3,4,2,3,4,2,3,4,2,3,4,2,3,4,2,3,4,2,3,4,2,3,4,2,3,4,2,3
485,4,2,3,4,2,3,4,2,3,4,2,3,4,2,3,4,2,3,4,2,3,4,2,3,4,2,3,4,2,3,4,2,3,4,2,3,4,2,3,4,2,3,4,2,3,4,2,3,4,2,3,4,2,3,4,2,3,4,2,3,4,2,3,4,2,3,4,2,3,4,2,3,4,2,3,4,2,3,4,2,3,4,2,3,4,2,3,4,2,3
490,4,2,3,4,2,3,4,2,3,4,2,3,4,2,3,4,2,3,4,2,3,4,2,3,4,2,3,4,2,3,4,2,3,4,2,3,4,2,3,4,2,3,4,2,3,4,2,3,4,2,3,4,2,3,4,2,3,4,2,3,4,2,3,4,2,3,4,2,3,4,2,3,4,2,3,4,2,3,4,2,3,4,2,3,4,2,3,4,2,3
495,4,2,3,4,2,3,4,2,3,4,2,3,4,2,3,4,2,3,4,2,3,4,2,3,4,2,3,4,2,3,4,2,3,4,2,3,4,2,3,4,2,3,4,2,3,4,2,3,4,2,3,4,2,3,4,2,3,4,2,3,4,2,3,4,2,3,4,2,3,4,2,3,4,2,3,4,2,3,4,2,3,4,2,3,4,2,3,4,2,3
500,4,2,3,4,2,3,4,2,3,4,2,3,4,2,3,4,2,3,4,2,3,4,2,3,4,2,3,4,2,3,4,2,3,4,2,3,4,2,3,4,2,3,4,2,3,4,2,3,4,2,3,4,2,3,4,2,3,4,2,3,4,2,3,4,2,3,4,2,3,4,2,3,4,2,3,4,2,3,4,2,3,4,2,3,4,2,3,4,2,3
